#OTUId,123.AVd_312,125.AVd_306,127.AVd_307,129.AVd_308,25.AVd_108,30.AVd_148,40.AVd_109,42.AVd_110,44.AVd_150,46.AVd_154
Phenotype,TF,TF,TF,TF,TF,T,TF,TF,T,TF
OTU_15,0.795755968,0.33049226,0.966525224,0.560316414,0.036166365,0.605487228,0,0,5.24713467,0
OTU_200,0.126310471,0.069577318,0.282885431,0.263678312,0,0.056764428,0,0,0.161174785,0
OTU_54,0.113679424,0.173943294,0.919377652,0.494396836,0.036166365,0.113528855,0,0,0.080587393,0
OTU_2,16.06669193,20.92537833,10.72607261,16.94133158,0,0,0,0,0.053724928,0.010166734
OTU_91,0,0,0,0,0,0.018921476,0,0,0,0.020333469
OTU_11,2.27358848,0.64359019,0.919377652,1.137112722,0,0.340586566,0,0,0.626790831,0
OTU_85,0.492610837,0.295703601,1.249410655,0.444957152,0,1.419110691,0,0,1.334169054,0.010166734
OTU_70,1.187318429,1.217603061,1.673738802,1.120632828,0,0,0,0,0,0.010166734
OTU_100,0.164203612,0.139154636,0.353606789,0.36255768,0,0,0,0,0.223853868,0
OTU_69,0,0,0.919377652,0.263678312,0,0.132450331,0,0,0.223853868,0.010166734
OTU_62,0.126310471,0.104365977,0.11786893,0.115359262,0,0,0,0,0.026862464,0
OTU_75,0.202096754,0.347886589,0.400754361,0.280158207,0,0.037842952,0,0,0.608882521,0
OTU_124,0.037893141,0.156548965,0.282885431,0.098879367,0,0.094607379,0,0,0.044770774,0
OTU_191,0.17683466,0.191337624,0.094295144,0.148319051,0,0.056764428,0,0,0.107449857,0
OTU_282,0.050524188,0.034788659,0.047147572,0.082399473,0,0,0,0,0,0.010166734
OTU_109,2.084122774,2.365628805,1.131541726,1.763348715,0,0.775780511,0,0,0.143266476,0
OTU_134,2.008336491,1.200208732,1.178689298,1.549110086,0,0.264900662,0,0,0.062679083,0
OTU_112,0.050524188,0.121760306,0.306459217,0.461437047,0,0.094607379,0,0,0.537249284,0
OTU_464,0,0,0,0,0,0.037842952,0,0,0.116404011,0
